[
  {
    "description": "  As a developer\n  I want to write step definitions with ES2015\n  So that I can use all the new ES2015 features",
    "elements": [
      {
        "id": "es2015-in-step-definitions;use-es2015",
        "keyword": "Scenario",
        "line": 7,
        "name": "Use ES2015",
        "steps": [
          {
            "arguments": [],
            "keyword": "When ",
            "name": "I use ES2015",
            "result": {
              "status": "passed",
              "duration": 1194761
            },
            "line": 9,
            "match": {
              "location": "C:/POC/chimp/features/step_definitions/es2015-steps.js:3"
            }
          },
          {
            "arguments": [],
            "keyword": "Then ",
            "name": "it works",
            "result": {
              "status": "passed",
              "duration": 318629
            },
            "line": 10,
            "match": {
              "location": "C:/POC/chimp/features/step_definitions/es2015-steps.js:17"
            }
          },
          {
            "arguments": [],
            "keyword": "After ",
            "result": {
              "status": "passed",
              "duration": 331264
            },
            "hidden": true,
            "match": {
              "location": "C:/POC/chimp/dist/lib/cucumberjs/hooks.js:68"
            }
          }
        ],
        "tags": [],
        "type": "scenario"
      }
    ],
    "id": "es2015-in-step-definitions",
    "keyword": "Feature",
    "line": 1,
    "name": "ES2015 in step definitions",
    "tags": [],
    "uri": "C:/POC/chimp/features/es2015.feature"
  },
  {
    "description": "  As a developer\n  I want to have webdriver available to me in my steps\n  So that I don't have to configure my world object and I focus on testing",
    "elements": [
      {
        "id": "use-browser-inside-steps;visit-google",
        "keyword": "Scenario",
        "line": 8,
        "name": "Visit Google",
        "steps": [
          {
            "arguments": [],
            "keyword": "When ",
            "name": "I visit \"http://www.google.com\"",
            "result": {
              "status": "passed",
              "duration": 4971585929
            },
            "line": 9,
            "match": {
              "location": "C:/POC/chimp/features/step_definitions/webdriver-steps.js:3"
            }
          },
          {
            "arguments": [],
            "keyword": "Then ",
            "name": "I see the title of \"Google\"",
            "result": {
              "status": "passed",
              "duration": 56969097
            },
            "line": 10,
            "match": {
              "location": "C:/POC/chimp/features/step_definitions/webdriver-steps.js:7"
            }
          },
          {
            "arguments": [],
            "keyword": "After ",
            "result": {
              "status": "passed",
              "duration": 131084
            },
            "hidden": true,
            "match": {
              "location": "C:/POC/chimp/dist/lib/cucumberjs/hooks.js:68"
            }
          }
        ],
        "tags": [
          {
            "name": "@watch",
            "line": 7
          }
        ],
        "type": "scenario"
      },
      {
        "id": "use-browser-inside-steps;visit-github",
        "keyword": "Scenario",
        "line": 13,
        "name": "Visit Github",
        "steps": [
          {
            "arguments": [],
            "keyword": "When ",
            "name": "I visit \"http://www.github.com\"",
            "result": {
              "status": "passed",
              "duration": 6932324643
            },
            "line": 14,
            "match": {
              "location": "C:/POC/chimp/features/step_definitions/webdriver-steps.js:3"
            }
          },
          {
            "arguments": [],
            "keyword": "Then ",
            "name": "I see the title of \"The world's leading software development platform · GitHub\"",
            "result": {
              "status": "passed",
              "duration": 43672346
            },
            "line": 15,
            "match": {
              "location": "C:/POC/chimp/features/step_definitions/webdriver-steps.js:7"
            }
          },
          {
            "arguments": [],
            "keyword": "After ",
            "result": {
              "status": "passed",
              "duration": 148062
            },
            "hidden": true,
            "match": {
              "location": "C:/POC/chimp/dist/lib/cucumberjs/hooks.js:68"
            }
          }
        ],
        "tags": [
          {
            "name": "@not-watch",
            "line": 12
          }
        ],
        "type": "scenario"
      }
    ],
    "id": "use-browser-inside-steps",
    "keyword": "Feature",
    "line": 1,
    "name": "Use browser inside steps",
    "tags": [],
    "uri": "C:/POC/chimp/features/webdriver.feature"
  }
]